#id,ra,dec,S(160000000Hz),alpha1
0    ,0.0000000000,0.0000000000,1.0000000000,-0.50000
